Player,Projected Points,Low (P10),High (P90),Team,Opponent,Week,Season,player_id,Injury Boost,Injury Note
Travis Kelce,20.78644172342818,8.227905346702732,36.44122221975778,KC,PIT,19,2024,00-0030506,0.0626063965610566,Chris Roland-Wallace (Questionable); Felix Anudike-Uzomah (Questionable); Omarr Norman-Lott (Questionable)
Davante Adams,20.136223068560092,7.864320416900676,32.62855376363504,NYJ,MIA,19,2024,00-0031381,0.09852241265575166,Qwan'tez Stiggers (Questionable); Andre Cisco (Questionable); Brandon Stephens (Questionable)
Amon-Ra St. Brown,18.83468876051261,6.849523733979897,32.85194235071898,DET,MIN,19,2024,00-0036963,0.14657069780899942,Brian Branch (Questionable); Dan Jackson (Questionable); Ennis Rakestraw (Questionable)
A.J. Brown,18.477643723886988,6.467146082005753,31.55714234233949,PHI,DAL,19,2024,00-0035676,0.03319820612042817,Tucker Large (PUP); Jonathan Greenard (Questionable); Jihaad Campbell (Questionable)
CeeDee Lamb,18.300592446131517,6.842573345875068,32.43078230534488,DAL,TB,19,2024,00-0036358,0.07972196274974508,Alijah Clark (Questionable); DaRon Bland (Questionable); Jalen Thompson (Questionable)
DeAndre Hopkins,18.27961545325818,7.780021885653415,33.95380565214661,KC,PIT,19,2024,00-0030564,0.06899391976757192,Chris Roland-Wallace (Questionable); Felix Anudike-Uzomah (Questionable); Omarr Norman-Lott (Questionable)
Amari Cooper,17.258833265914763,5.7417700218758805,32.34405982854248,BUF,NYJ,19,2024,00-0031544,0.08822473629531472,Dorian Strong (PUP); Cole Bishop (Questionable); Wande Owens (Questionable)
Ladd McConkey,17.17766399111719,6.178866198857305,31.64225005973665,LAC,LV,19,2024,00-0039915,0.03607227111344498,Eric Rogers (Questionable); Kendall Williamson (Questionable); Nikko Reed (Questionable)
Mike Evans,17.15483656636541,5.1918529469015,32.31733593724506,TB,NO,19,2024,00-0031408,0.022772888408419203,Benjamin Morrison (Questionable); JJ Roberts (Questionable); David Walker (Questionable)
Stefon Diggs,16.79092409419217,6.759284958404052,29.570412603504096,HOU,IND,19,2024,00-0031588,0.07660184333276462,Jaylen Reed (IR); Kyonte Hamilton (Questionable); Logan Hall (Questionable)
DK Metcalf,16.28974279662684,5.1473765564657885,28.962313465354967,SEA,LA,19,2024,00-0035640,0.02722400758838014,AJ Finley (Questionable); Kenny McIntosh (Questionable); Zach Charbonnet (Questionable)
Cooper Kupp,16.279511201776685,6.044540331137609,28.23907486872048,LA,ARI,19,2024,00-0033908,0.0,
Puka Nacua,16.13230739696057,6.5783860367963936,28.410495616939443,LA,ARI,19,2024,00-0039075,0.0,
Adam Thielen,16.0548602177745,5.576497867026317,32.069541678875204,CAR,ATL,19,2024,00-0030035,0.07066236502675638,Corey Thornton (Questionable); Jaycee Horn (Questionable); Tershawn Wharton (Questionable)
DeVonta Smith,14.999485809228458,5.707517655206135,28.784969024554236,PHI,DAL,19,2024,00-0036912,0.03092288252230505,Tucker Large (PUP); Jonathan Greenard (Questionable); Jihaad Campbell (Questionable)
Ja'Marr Chase,14.912817770048353,6.741340479935955,28.187067970286666,CIN,PIT,19,2024,00-0036900,0.047277394159735565,Connor Lew (Questionable); Josh Newton (Questionable); DJ Turner (Questionable)
Calvin Ridley,14.879544039398954,4.729328206806585,26.896456944339633,TEN,HOU,19,2024,00-0034837,0.01624336449279605,Marcus Harris (Questionable); Oluwafemi Oladejo (Questionable); Donnie Ernsberger (Questionable)
Garrett Wilson,14.561679062042616,5.719067359875096,24.453411702409447,NYJ,MIA,19,2024,00-0037740,0.08830232047776221,Qwan'tez Stiggers (Questionable); Andre Cisco (Questionable); Brandon Stephens (Questionable)
Deebo Samuel,14.420592908432834,4.869800509807587,28.69905690259606,SF,DET,19,2024,00-0035719,0.10117895541233853,Jakob Robinson (Questionable); Nate Hobbs (Questionable); Darrick Forrest (IR)
Courtland Sutton,14.407753212524714,4.638231888047127,28.255593355447303,DEN,KC,19,2024,00-0034348,0.11088203962085656,Brandon Jones (Questionable); JL Skinner (Questionable); Talanoa Hufanga (IR)
Brian Thomas,14.396426245317405,4.98140947628709,28.547737083092454,JAX,IND,19,2024,00-0039893,0.051456059097273917,Jourdan Lewis (Questionable); Keith Taylor (IR); Caleb Ransaw (Questionable)
Keenan Allen,14.385527345702977,5.3854456189790145,22.379161829215853,CHI,GB,19,2024,00-0030279,0.05404088426174432,Kyler Gordon (Questionable); Terell Smith (Questionable); Dayo Odeyingbo (Questionable)
Chris Godwin,14.218513066605635,4.809641547014425,25.179580063192606,TB,BAL,19,2024,00-0033921,0.022947795850885615,Benjamin Morrison (Questionable); JJ Roberts (Questionable); David Walker (Questionable)
Tyler Lockett,14.096415583807923,4.486724389318637,27.31543387369,SEA,LA,19,2024,00-0032211,0.023877709417565566,AJ Finley (Questionable); Kenny McIntosh (Questionable); Zach Charbonnet (Questionable)
Tyreek Hill,13.936543978398777,5.94124069007252,25.000555720565004,MIA,NYJ,19,2024,00-0033040,0.0317773078969549,Storm Duck (Questionable); JuJu Brents (Questionable); Jamaree Salyer (Questionable)
Marquise Brown,13.358926689679134,4.556125551149437,27.250646170445005,KC,PIT,19,2024,00-0035662,0.05953406615651057,Chris Roland-Wallace (Questionable); Felix Anudike-Uzomah (Questionable); Omarr Norman-Lott (Questionable)
George Kittle,13.221136559145686,4.407099109300538,26.08023646364843,SF,ARI,19,2024,00-0033288,0.0,
Brock Bowers,13.11928639329802,5.18660174831324,22.382500691910952,LV,LAC,19,2024,00-0039338,0.05004915427799517,Jermod McCoy (Questionable); Maxx Crosby (Questionable); Adam Butler (Questionable)
Terry McLaurin,12.768835369947451,4.5011008422588175,23.970412176930616,WAS,DAL,19,2024,00-0035659,0.03062058989696134,Trey Amos (Questionable); Dorance Armstrong (Questionable); Javontae Jean-Baptiste (Questionable)
Marvin Harrison,12.69851205068268,4.027076528037497,26.578575845109036,ARI,SF,19,2024,00-0039849,0.08377859901349252,Garrett Williams (Questionable); Joey Blount (Questionable); Kitan Crawford (Questionable)
Drake London,12.657700957555212,4.46029262783841,25.120531150486322,ATL,CAR,19,2024,00-0037238,0.10547674613184017,Clark Phillips (Questionable); Mike Hughes (Questionable); Billy Bowman (Questionable)
Mark Andrews,12.515072562527868,3.5132008063092846,25.293202590131003,BAL,CLE,19,2024,00-0034753,0.04139019212583739,Adisa Isaac (Questionable); Broderick Washington (Questionable); Nnamdi Madubuike (Questionable)
Allen Robinson,12.411113807927618,3.0883517983130067,26.640225236812604,DET,SF,19,2024,00-0031428,0.11014836493461704,Brian Branch (Questionable); Dan Jackson (Questionable); Ennis Rakestraw (Questionable)
Chris Olave,12.32952348578948,4.452205395584592,24.487707240460374,NO,CAR,19,2024,00-0037239,0.0,
Zay Flowers,12.266273385045865,4.470664890250361,24.424497785094466,BAL,CLE,19,2024,00-0039064,0.050431629684913964,Adisa Isaac (Questionable); Broderick Washington (Questionable); Nnamdi Madubuike (Questionable)
Odell Beckham,12.245586735641178,3.315473480235648,25.35267831363779,MIA,NYJ,19,2024,00-0031235,0.025419661205072164,Storm Duck (Questionable); JuJu Brents (Questionable); Jamaree Salyer (Questionable)
Malik Nabers,12.24366767572829,8.345733605690741,21.82504088455462,NYG,PHI,19,2024,00-0039337,0.0,
Tee Higgins,12.010455243500523,4.443883177944244,23.790788036971275,CIN,PIT,19,2024,00-0036410,0.04007335107496524,Connor Lew (Questionable); Josh Newton (Questionable); DJ Turner (Questionable)
Darnell Mooney,11.839484437594637,2.9386183917169375,19.99576238970744,ATL,WAS,19,2024,00-0036309,0.08436610334927178,Clark Phillips (Questionable); Mike Hughes (Questionable); Billy Bowman (Questionable)
Jaxon Smith-Njigba,11.765443526279137,2.973373818368998,23.796249079571083,SEA,LA,19,2024,00-0038543,0.024005663614114926,AJ Finley (Questionable); Kenny McIntosh (Questionable); Zach Charbonnet (Questionable)
Christian Kirk,11.675968112613438,3.177493109499313,22.82449143969377,JAX,GB,19,2024,00-0034775,0.0438854295340262,Jourdan Lewis (Questionable); Keith Taylor (IR); Caleb Ransaw (Questionable)
Trey McBride,11.660051461558274,3.5635695792024062,24.804612337336614,ARI,SF,19,2024,00-0037744,0.07719312301644399,Garrett Williams (Questionable); Joey Blount (Questionable); Kitan Crawford (Questionable)
Nico Collins,11.323451099210855,3.661558873686177,21.12150983055645,HOU,TEN,19,2024,00-0036554,0.05899661999263686,Jaylen Reed (IR); Kyonte Hamilton (Questionable); Logan Hall (Questionable)
Justin Jefferson,11.286818113961596,5.20075893347986,22.48792737036774,MIN,DET,19,2024,00-0036322,0.06466688752721493,Dwight McGlothern (Questionable); Joshua Metellus (Questionable); Elijah Williams (Questionable)
Sam LaPorta,11.170559066438711,3.2523164428537314,21.29621121168469,DET,MIN,19,2024,00-0039065,0.0,
Kyle Pitts,11.153924090656231,2.943492898228003,24.94733211327474,ATL,CAR,19,2024,00-0036970,0.08089721941282124,Clark Phillips (Questionable); Mike Hughes (Questionable); Billy Bowman (Questionable)
Tank Dell,10.9578347237787,2.911981727917457,20.913472359341412,HOU,KC,19,2024,00-0038977,0.0,
Rashee Rice,10.89154474091214,3.8398411725255692,22.388222992387544,KC,ATL,19,2024,00-0039067,0.0,
Brandin Cooks,10.87482802615876,3.4197929834959946,20.826966213097045,DAL,WAS,19,2024,00-0031236,0.06514472621137068,Alijah Clark (Questionable); DaRon Bland (Questionable); Jalen Thompson (Questionable)
Dalton Kincaid,10.808128173254424,3.062450730404232,26.134286703284676,BUF,NYJ,19,2024,00-0038933,0.07772919720218645,Dorian Strong (PUP); Cole Bishop (Questionable); Wande Owens (Questionable)
Michael Pittman,10.699837381179272,4.153363571004025,20.80604031661981,IND,JAX,19,2024,00-0036252,0.06355171634928475,Charvarius Ward (Questionable); Hunter Wohler (Questionable); DeForest Buckner (Questionable)
D.J. Chark,10.676009912392246,2.8371087399232735,21.757212358755982,LAC,LV,19,2024,00-0034777,0.025685807163648513,Eric Rogers (Questionable); Kendall Williamson (Questionable); Nikko Reed (Questionable)
Xavier Worthy,10.512570030289304,2.9037219421822265,21.331646316805006,KC,PIT,19,2024,00-0039894,0.0,
Jakobi Meyers,10.50978654640711,3.6460722222298054,20.548093240806242,LV,LAC,19,2024,00-0034960,0.04507140209925165,Jermod McCoy (Questionable); Maxx Crosby (Questionable); Adam Butler (Questionable)
Xavier Legette,10.496367048831,2.608746519861817,23.746938649426138,CAR,ATL,19,2024,00-0039342,0.057702571610121677,Corey Thornton (Questionable); Jaycee Horn (Questionable); Tershawn Wharton (Questionable)
Jaylen Waddle,10.456028239929566,3.6826414538859353,20.12955406744551,MIA,NYJ,19,2024,00-0036613,0.026174034425736927,Storm Duck (Questionable); JuJu Brents (Questionable); Jamaree Salyer (Questionable)
Evan Engram,10.439753691489075,2.835418576633086,20.5643253223194,JAX,TEN,19,2024,00-0033881,0.04126704732514739,Jourdan Lewis (Questionable); Keith Taylor (IR); Caleb Ransaw (Questionable)
Devaughn Vele,10.437260951667588,2.7806997034850394,21.870820997662356,DEN,KC,19,2024,00-0039424,0.060361506929938136,Brandon Jones (Questionable); JL Skinner (Questionable); Talanoa Hufanga (IR)
D.J. Moore,10.435453642966726,4.199755326948357,18.979379944565363,CHI,GB,19,2024,00-0034827,0.050160778875571445,Kyler Gordon (Questionable); Terell Smith (Questionable); Dayo Odeyingbo (Questionable)
Jalen Coker,10.419329128825082,2.607356568942721,22.25857533823882,CAR,ATL,19,2024,00-0039491,0.046161467431783225,Corey Thornton (Questionable); Jaycee Horn (Questionable); Tershawn Wharton (Questionable)
Diontae Johnson,10.390498922365634,2.9760773410240544,19.358905177552504,HOU,TEN,19,2024,00-0035216,0.06903919794688765,Jaylen Reed (IR); Kyonte Hamilton (Questionable); Logan Hall (Questionable)
Brandon Aiyuk,10.084482061175958,3.7503239949621907,19.81603020506099,SF,KC,19,2024,00-0036261,0.0975472307954432,Jakob Robinson (Questionable); Nate Hobbs (Questionable); Darrick Forrest (IR)
Khalil Shakir,10.057825716994136,2.713599050809824,21.81508239813341,BUF,NYJ,19,2024,00-0037261,0.05271667161849498,Dorian Strong (PUP); Cole Bishop (Questionable); Wande Owens (Questionable)
George Pickens,10.023721052187161,3.9873838547300418,18.612830121984842,PIT,CIN,19,2024,00-0037247,0.02373606393894727,Daequan Hardy (IR); DeShon Elliott (Questionable); Broderick Jones (Questionable)
Romeo Doubs,9.96489671276257,2.846725494852245,19.979879205430894,GB,MIN,19,2024,00-0037816,0.08788939504473488,Kamal Hadden (Questionable); Devonte Wyatt (Questionable); Jordon Riley (Questionable)
Zach Ertz,9.91460856436935,2.8288359673158636,19.182265059438606,WAS,DAL,19,2024,00-0030061,0.024837837903791186,Trey Amos (Questionable); Dorance Armstrong (Questionable); Javontae Jean-Baptiste (Questionable)
Demario Douglas,9.855735504677076,2.4533509099478574,23.674803848339394,NE,BUF,19,2024,00-0038621,0.022033045818928013,Gabe Jacas (Questionable); Quintayvious Hutchins (Questionable); Julian Hill (IR)
Josh Palmer,9.670084492111398,2.6357776179772356,21.723627373101852,LAC,NE,19,2024,00-0036988,0.022247745368255505,Eric Rogers (Questionable); Kendall Williamson (Questionable); Nikko Reed (Questionable)
Jamison Crowder,9.651527761191796,2.772632009079943,22.226940836489078,WAS,ATL,19,2024,00-0031941,0.02329033306432981,Trey Amos (Questionable); Dorance Armstrong (Questionable); Javontae Jean-Baptiste (Questionable)
Jalen McMillan,9.648390368459813,2.2498323858061053,20.151681051499246,TB,NO,19,2024,00-0039855,0.014487692526937861,Benjamin Morrison (Questionable); JJ Roberts (Questionable); David Walker (Questionable)
Tyler Boyd,9.32865594806056,2.449749689457379,18.98847832584716,TEN,JAX,19,2024,00-0033009,0.013700870432247726,Marcus Harris (Questionable); Oluwafemi Oladejo (Questionable); Donnie Ernsberger (Questionable)
Josh Downs,9.10403438672608,2.9097562019531855,18.735420055539837,IND,JAX,19,2024,00-0038997,0.05116773069617213,Charvarius Ward (Questionable); Hunter Wohler (Questionable); DeForest Buckner (Questionable)
Wan'Dale Robinson,9.00811674731829,3.019601907527631,20.266082149511117,NYG,PHI,19,2024,00-0038117,0.20731070389550926,Thaddeus Dixon (IR); Jevon Holland (Questionable); Roy Robertson-Harris (Out)
Mike Williams,9.007251258394081,2.7544284411614273,17.60348157009392,PIT,CIN,19,2024,00-0033536,0.018532641253456827,Daequan Hardy (IR); DeShon Elliott (Questionable); Broderick Jones (Questionable)
Kristian Wilkerson,8.941755269455562,3.524228740751427,19.747806793929605,LV,PIT,19,2024,00-0036183,0.043424328672912946,Jermod McCoy (Questionable); Maxx Crosby (Questionable); Adam Butler (Questionable)
Robert Woods,8.941365096193158,2.63107428080254,18.16560231324657,HOU,TEN,19,2024,00-0030431,0.057310502700595095,Jaylen Reed (IR); Kyonte Hamilton (Questionable); Logan Hall (Questionable)
Cade Otton,8.934239743512759,2.3768547035762224,20.52734938525689,TB,LAC,19,2024,00-0038129,0.015862742209543083,Benjamin Morrison (Questionable); JJ Roberts (Questionable); David Walker (Questionable)
Sterling Shepard,8.79587466053368,2.1170445926848465,22.365391883771316,TB,NO,19,2024,00-0032385,0.019828234984329972,Benjamin Morrison (Questionable); JJ Roberts (Questionable); David Walker (Questionable)
Zay Jones,8.774294916476656,2.401329432498287,20.16967166267187,ARI,SF,19,2024,00-0033891,0.05493804438611793,Garrett Williams (Questionable); Joey Blount (Questionable); Kitan Crawford (Questionable)
Devin Culp,8.5867666803505,2.348922252688288,21.554534438853352,TB,NO,19,2024,00-0039754,0.013531405847723723,Benjamin Morrison (Questionable); JJ Roberts (Questionable); David Walker (Questionable)
Jayden Reed,8.535613052991382,2.714919168966642,16.604468808363663,GB,CHI,19,2024,00-0039146,0.08511563331790387,Kamal Hadden (Questionable); Devonte Wyatt (Questionable); Jordon Riley (Questionable)
Allen Lazard,8.504876596486161,2.141987227711463,19.305080251047894,NYJ,MIA,19,2024,00-0034521,0.046365356249694664,Qwan'tez Stiggers (Questionable); Andre Cisco (Questionable); Brandon Stephens (Questionable)
Dallas Goedert,8.47226261189664,2.24142000869572,18.77118693164766,PHI,NYG,19,2024,00-0034351,0.021819760276495688,Tucker Large (PUP); Jonathan Greenard (Questionable); Jihaad Campbell (Questionable)
Quentin Johnston,8.451445860366189,2.1644946603275774,19.4928818907163,LAC,LV,19,2024,00-0038544,0.02184559328102493,Eric Rogers (Questionable); Kendall Williamson (Questionable); Nikko Reed (Questionable)
Ricky Pearsall,8.341082039410411,2.058049601686014,19.515855533690946,SF,ARI,19,2024,00-0039916,0.05948148741666302,Jakob Robinson (Questionable); Nate Hobbs (Questionable); Darrick Forrest (IR)
Michael Wilson,8.32625368537836,2.0329261078581293,19.4460293486834,ARI,LA,19,2024,00-0038559,0.05115208467082945,Garrett Williams (Questionable); Joey Blount (Questionable); Kitan Crawford (Questionable)
Tim Patrick,8.292520705473853,2.0032410654104074,19.75237947340747,DET,MIN,19,2024,00-0033375,0.07389550657672649,Brian Branch (Questionable); Dan Jackson (Questionable); Ennis Rakestraw (Questionable)
Jordan Whittington,8.211189522757273,2.507846651860573,19.829511908733057,LA,SEA,19,2024,00-0039751,0.0,
Marquez Valdes-Scantling,8.208238991792726,2.071043785470123,18.709288922394595,NO,TB,19,2024,00-0034272,0.06698640489399103,Christen Miller (Questionable); Nathan Shepherd (Questionable); Vernon Broughton (Questionable)
Noah Fant,8.086721480135841,2.198318020524566,19.58633514915611,SEA,LA,19,2024,00-0035644,0.01677205471444731,AJ Finley (Questionable); Kenny McIntosh (Questionable); Zach Charbonnet (Questionable)
Pat Freiermuth,8.040151579814125,2.2552516326738385,16.737027311954957,PIT,CIN,19,2024,00-0036894,0.017276255766891534,Daequan Hardy (IR); DeShon Elliott (Questionable); Broderick Jones (Questionable)
Jauan Jennings,8.036502538331098,2.0236313267407415,19.459917978413795,SF,ARI,19,2024,00-0036259,0.06400354589215214,Jakob Robinson (Questionable); Nate Hobbs (Questionable); Darrick Forrest (IR)
Rome Odunze,8.03341309926225,2.385087314244642,17.2232000589637,CHI,GB,19,2024,00-0039919,0.0350435086071114,Kyler Gordon (Questionable); Terell Smith (Questionable); Dayo Odeyingbo (Questionable)
Nate Adkins,8.019367587795765,1.7726812665201392,15.746989546504647,DEN,KC,19,2024,00-0038783,0.020150273069096516,Brandon Jones (Questionable); JL Skinner (Questionable); Talanoa Hufanga (IR)
Rashod Bateman,7.9786336493197245,1.9454065007947878,18.52260280276663,BAL,CLE,19,2024,00-0036550,0.0,
Troy Franklin,7.9603825040730225,1.8849131389709546,20.317288909980423,DEN,KC,19,2024,00-0039868,0.0,
Austin Hooper,7.91504856140543,2.1417878858931174,18.44029113259926,NE,BUF,19,2024,00-0032392,0.016140967052178816,Gabe Jacas (Questionable); Quintayvious Hutchins (Questionable); Julian Hill (IR)
Jake Ferguson,7.884730175420504,2.071197893387932,17.869790111618777,DAL,WAS,19,2024,00-0038041,0.04467058058110045,Alijah Clark (Questionable); DaRon Bland (Questionable); Jalen Thompson (Questionable)
Jameson Williams,7.881650425813858,2.0447682319968528,19.234084430549526,DET,MIN,19,2024,00-0037240,0.06623446349740775,Brian Branch (Questionable); Dan Jackson (Questionable); Ennis Rakestraw (Questionable)
Dawson Knox,7.713061237442049,2.059623019139469,18.43871556785107,BUF,NYJ,19,2024,00-0035689,0.04485577679467931,Dorian Strong (PUP); Cole Bishop (Questionable); Wande Owens (Questionable)
Keon Coleman,7.707832405382325,2.2606514557384005,17.25859120333049,BUF,NE,19,2024,00-0039901,0.054503603868559194,Dorian Strong (PUP); Cole Bishop (Questionable); Wande Owens (Questionable)
Kendrick Bourne,7.639950507079236,1.9291097836849473,19.54333053765268,NE,BUF,19,2024,00-0033307,0.01556775974448841,Gabe Jacas (Questionable); Quintayvious Hutchins (Questionable); Julian Hill (IR)
Dalton Schultz,7.562920785855347,2.1522051694104283,16.85975056232774,HOU,TEN,19,2024,00-0034383,0.044366587248179996,Jaylen Reed (IR); Kyonte Hamilton (Questionable); Logan Hall (Questionable)
Mike Gesicki,7.543688402825917,1.866888598416647,16.47005366704848,CIN,PIT,19,2024,00-0034829,0.023298223719514715,Connor Lew (Questionable); Josh Newton (Questionable); DJ Turner (Questionable)
Tyler Conklin,7.535832137718371,2.0735309589404722,17.441230999826836,NYJ,MIA,19,2024,00-0034270,0.04182653367096715,Qwan'tez Stiggers (Questionable); Andre Cisco (Questionable); Brandon Stephens (Questionable)
Jerry Jeudy,7.534891582903371,2.7819749888353793,14.264682596746217,CLE,BAL,19,2024,00-0036407,0.0,
Marvin Mims,7.474925226297035,2.0374029365742,21.453028500240805,DEN,KC,19,2024,00-0038976,0.046027965564702615,Brandon Jones (Questionable); JL Skinner (Questionable); Talanoa Hufanga (IR)
Tyler Higbee,7.41083186527129,2.1216217272565685,18.118893188330393,LA,SEA,19,2024,00-0033110,0.0,
Jordan Addison,7.291740920452805,2.955900167300197,15.192362329275369,MIN,DET,19,2024,00-0038994,0.043488007094933764,Dwight McGlothern (Questionable); Joshua Metellus (Questionable); Elijah Williams (Questionable)
Nelson Agholor,7.286461358609609,2.1561236409113427,19.221020234937868,BAL,NYG,19,2024,00-0031549,0.027950384483483526,Adisa Isaac (Questionable); Broderick Washington (Questionable); Nnamdi Madubuike (Questionable)
Kayshon Boutte,7.239044295075922,1.886507014172523,18.01080218372177,NE,BUF,19,2024,00-0038608,0.015028163094148098,Gabe Jacas (Questionable); Quintayvious Hutchins (Questionable); Julian Hill (IR)
David Moore,7.108632189793354,1.9737836466165046,17.99704146257972,CAR,ATL,19,2024,00-0033589,0.03321670354217,Corey Thornton (Questionable); Jaycee Horn (Questionable); Tershawn Wharton (Questionable)
Cedric Tillman,7.061579540277491,1.9707280412936807,15.703083406448389,CLE,PIT,19,2024,00-0038979,0.05771157770001829,Denzel Ward (Questionable); Dom Jones (Questionable); Mason Graham (Questionable)
Curtis Samuel,7.038869148869179,2.2156009680428683,16.701346915135442,BUF,NE,19,2024,00-0033282,0.06586588317652298,Dorian Strong (PUP); Cole Bishop (Questionable); Wande Owens (Questionable)
Alec Pierce,7.008742354911065,1.9338588575219144,15.845838759676973,IND,JAX,19,2024,00-0037664,0.0,
Theo Johnson,6.940944601682648,2.24985790332183,16.50272176291643,NYG,DAL,19,2024,00-0039847,0.13016987994581233,Thaddeus Dixon (IR); Jevon Holland (Questionable); Roy Robertson-Harris (Out)
Noah Brown,6.84655672656915,1.8636119220574607,17.183955784937687,WAS,TEN,19,2024,00-0033591,0.014573396240785484,Trey Amos (Questionable); Dorance Armstrong (Questionable); Javontae Jean-Baptiste (Questionable)
Mecole Hardman,6.789679422559269,1.9295493156515482,16.683593803527607,KC,CAR,19,2024,00-0035140,0.024724366468562946,Chris Roland-Wallace (Questionable); Felix Anudike-Uzomah (Questionable); Omarr Norman-Lott (Questionable)
Christian Watson,6.779727164046186,2.0799196574818,15.657412952287972,GB,CHI,19,2024,00-0038124,0.08414921680062319,Kamal Hadden (Questionable); Devonte Wyatt (Questionable); Jordon Riley (Questionable)
Robbie Chosen,6.7390718083158925,2.0639266843626083,14.792455834441279,MIA,BUF,19,2024,00-0032688,0.02326250241148811,Storm Duck (Questionable); JuJu Brents (Questionable); Jamaree Salyer (Questionable)
Cole Kmet,6.718389692454823,2.078698735954258,14.235498519204969,CHI,GB,19,2024,00-0036290,0.031002551784064233,Kyler Gordon (Questionable); Terell Smith (Questionable); Dayo Odeyingbo (Questionable)
Isaiah Likely,6.640697549375811,1.9163851555225795,16.32791828679988,BAL,CLE,19,2024,00-0037838,0.025886779533764195,Adisa Isaac (Questionable); Broderick Washington (Questionable); Nnamdi Madubuike (Questionable)
Greg Dortch,6.628006675016592,1.85570277267337,16.41476733825236,ARI,SF,19,2024,00-0035500,0.04382674671111892,Garrett Williams (Questionable); Joey Blount (Questionable); Kitan Crawford (Questionable)
Rashid Shaheed,6.529646592655788,1.8819559521031768,14.43081589822877,NO,TB,19,2024,00-0037545,0.09401876001883193,Christen Miller (Questionable); Nathan Shepherd (Questionable); Vernon Broughton (Questionable)
David Njoku,6.4799607163731725,2.060860070497277,14.625177060310174,CLE,CIN,19,2024,00-0033885,0.08294648303716261,Denzel Ward (Questionable); Dom Jones (Questionable); Mason Graham (Questionable)
Juwan Johnson,6.45193424970001,1.8779703063639044,16.892068010930213,NO,TB,19,2024,00-0036040,0.07040667815189808,Christen Miller (Questionable); Nathan Shepherd (Questionable); Vernon Broughton (Questionable)
Darius Slayton,6.441880015581422,1.848633147428265,14.250677402315565,NYG,PHI,19,2024,00-0035535,0.0,
Chris Conley,6.410734346627206,1.8084705605061897,16.450223214579633,SF,ARI,19,2024,00-0032128,0.04737403749731701,Jakob Robinson (Questionable); Nate Hobbs (Questionable); Darrick Forrest (IR)
Gabe Davis,6.407752049391161,1.9843478536140915,13.682441492058505,JAX,DET,19,2024,00-0036196,0.029352141951058966,Jourdan Lewis (Questionable); Keith Taylor (IR); Caleb Ransaw (Questionable)
Anthony Miller,6.355793584797474,1.789558169152504,18.186931835952887,BAL,HOU,19,2024,00-0034353,0.028233635536081735,Adisa Isaac (Questionable); Broderick Washington (Questionable); Nnamdi Madubuike (Questionable)
JuJu Smith-Schuster,6.345784375927548,2.0076195020752627,14.069930525451028,KC,DEN,19,2024,00-0033857,0.04367845515616046,Chris Roland-Wallace (Questionable); Felix Anudike-Uzomah (Questionable); Omarr Norman-Lott (Questionable)
Chigoziem Okonkwo,6.329132943831352,1.836888295741483,17.35265266390698,TEN,JAX,19,2024,00-0037809,0.011341337840340426,Marcus Harris (Questionable); Oluwafemi Oladejo (Questionable); Donnie Ernsberger (Questionable)
T.J. Hockenson,6.320570071690863,2.236717380084642,13.179641942159854,MIN,DET,19,2024,00-0035229,0.044983860895859484,Dwight McGlothern (Questionable); Joshua Metellus (Questionable); Elijah Williams (Questionable)
Parker Washington,6.301496867495017,1.8450192885734802,16.35184403781228,JAX,IND,19,2024,00-0038606,0.021386770004545932,Jourdan Lewis (Questionable); Keith Taylor (IR); Caleb Ransaw (Questionable)
Gerald Everett,6.294945071695583,1.9731865568547753,13.949621673795424,CHI,SEA,19,2024,00-0033895,0.021813633820328665,Kyler Gordon (Questionable); Terell Smith (Questionable); Dayo Odeyingbo (Questionable)
Will Dissly,6.178389549077763,1.7879439578743879,14.843538046353638,LAC,LV,19,2024,00-0034159,0.013987547578044393,Eric Rogers (Questionable); Kendall Williamson (Questionable); Nikko Reed (Questionable)
Jonathan Mingo,6.162309445282477,1.7164661098449763,14.663159493031136,DAL,WAS,19,2024,00-0039062,0.0,
Dontayvion Wicks,6.120644163178799,1.9119730165604016,14.702744857184195,GB,CHI,19,2024,00-0038393,0.06685974400087005,Kamal Hadden (Questionable); Devonte Wyatt (Questionable); Jordon Riley (Questionable)
Tre Tucker,6.119029754689498,1.8187452822981862,15.707444657308464,LV,LAC,19,2024,00-0038563,0.021365952960282965,Jermod McCoy (Questionable); Maxx Crosby (Questionable); Adam Butler (Questionable)
Mack Hollins,6.09639665259852,1.8048485218918282,14.865057325101194,BUF,NE,19,2024,00-0033555,0.044153291747566964,Dorian Strong (PUP); Cole Bishop (Questionable); Wande Owens (Questionable)
K.J. Osborn,6.063351335213837,1.875516613222128,15.852428316561085,NE,CHI,19,2024,00-0036345,0.015836183857558837,Gabe Jacas (Questionable); Quintayvious Hutchins (Questionable); Julian Hill (IR)
Dante Pettis,6.025005449364321,1.8786204496327652,15.771512683936596,NO,TB,19,2024,00-0034860,0.06687170369715216,Christen Miller (Questionable); Nathan Shepherd (Questionable); Vernon Broughton (Questionable)
Cedrick Wilson,6.0157389078849,1.8530581829691875,16.114027803695954,NO,TB,19,2024,00-0034418,0.05104745447781734,Christen Miller (Questionable); Nathan Shepherd (Questionable); Vernon Broughton (Questionable)
Van Jefferson,5.989361507595269,1.7751016599014688,14.666246019535093,PIT,CIN,19,2024,00-0036415,0.012046655127173825,Daequan Hardy (IR); DeShon Elliott (Questionable); Broderick Jones (Questionable)
Andrei Iosivas,5.936799314448329,1.8942623345317586,12.969332749340012,CIN,PIT,19,2024,00-0038619,0.016522923875181325,Connor Lew (Questionable); Josh Newton (Questionable); DJ Turner (Questionable)
Hunter Henry,5.934972887746515,2.0258743542778586,13.196240090195815,NE,LAC,19,2024,00-0033090,0.020443284639604566,Gabe Jacas (Questionable); Quintayvious Hutchins (Questionable); Julian Hill (IR)
Nick Westbrook-Ikhine,5.830547615149403,1.7807869325204466,15.825937392959473,TEN,HOU,19,2024,00-0036182,0.008684753095381128,Marcus Harris (Questionable); Oluwafemi Oladejo (Questionable); Donnie Ernsberger (Questionable)
Demarcus Robinson,5.827904705241088,1.7705144500512133,15.326770530601387,LA,SEA,19,2024,00-0032775,0.0,
Ja'Tavion Sanders,5.81178739330231,1.7958119620609971,14.249278399000891,CAR,ATL,19,2024,00-0039356,0.03149614681943763,Corey Thornton (Questionable); Jaycee Horn (Questionable); Tershawn Wharton (Questionable)
Ihmir Smith-Marsette,5.79774140978382,2.0159055464748254,15.908018116644271,NYG,IND,19,2024,00-0036635,0.06412597390792929,Thaddeus Dixon (IR); Jevon Holland (Questionable); Roy Robertson-Harris (Out)
Jalen Tolbert,5.774244423992464,1.775339426619189,13.737601814156724,DAL,WAS,19,2024,00-0037666,0.02991982478953943,Alijah Clark (Questionable); DaRon Bland (Questionable); Jalen Thompson (Questionable)
Josh Reynolds,5.773016378162429,1.726495507079853,16.876792806538887,JAX,IND,19,2024,00-0033943,0.026220511772232027,Jourdan Lewis (Questionable); Keith Taylor (IR); Caleb Ransaw (Questionable)
Ryan Miller,5.757375410692709,1.9948668191159058,14.026090218377092,TB,CAR,19,2024,00-0038824,0.007850684486128162,Benjamin Morrison (Questionable); JJ Roberts (Questionable); David Walker (Questionable)
Olamide Zaccheaus,5.73293529597106,1.7766189496329663,14.696702470878083,WAS,DAL,19,2024,00-0035208,0.013922788004767537,Trey Amos (Questionable); Dorance Armstrong (Questionable); Javontae Jean-Baptiste (Questionable)
Bub Means,5.5757905454735015,1.8844131880138526,13.372754704870934,NO,LAC,19,2024,00-0039386,0.0,
Terrace Marshall,5.548961013849981,1.7731304905075458,15.389061396159656,LV,NO,19,2024,00-0036955,0.021017718915804447,Jermod McCoy (Questionable); Maxx Crosby (Questionable); Adam Butler (Questionable)
Calvin Austin,5.512218400118845,1.739499928218028,13.294347979094105,PIT,CIN,19,2024,00-0037837,0.011846307940491541,Daequan Hardy (IR); DeShon Elliott (Questionable); Broderick Jones (Questionable)
Trenton Irwin,5.473004626616955,1.780962044436145,13.793647992804724,CIN,LV,19,2024,00-0035341,0.01422095635895786,Connor Lew (Questionable); Josh Newton (Questionable); DJ Turner (Questionable)
Foster Moreau,5.452053789660242,1.7480084150750599,13.729320110840087,NO,TB,19,2024,00-0034981,0.05073427830968685,Christen Miller (Questionable); Nathan Shepherd (Questionable); Vernon Broughton (Questionable)
Hayden Hurst,5.425167023554496,1.7648415937417024,13.873366938742983,LAC,DEN,19,2024,00-0034830,0.017445313961137354,Eric Rogers (Questionable); Kendall Williamson (Questionable); Nikko Reed (Questionable)
Jermaine Burton,5.4223101131443565,1.7821340363669314,17.44533696650622,CIN,LAC,19,2024,00-0039810,0.013922969759850254,Connor Lew (Questionable); Josh Newton (Questionable); DJ Turner (Questionable)
Kevin Austin,5.393222989623668,1.7596790653650196,15.360804905981711,NO,TB,19,2024,00-0037231,0.06308293788695966,Christen Miller (Questionable); Nathan Shepherd (Questionable); Vernon Broughton (Questionable)
Tucker Kraft,5.332007799712973,1.672434060009665,13.99355812814085,GB,CHI,19,2024,00-0038996,0.0,
Elijah Moore,5.241142278836137,2.1387141074887226,13.060921887202175,CLE,BAL,19,2024,00-0036980,0.08190607744523648,Denzel Ward (Questionable); Dom Jones (Questionable); Mason Graham (Questionable)
Brenton Strange,5.229913905582297,1.7134630267369793,12.747992323546404,JAX,IND,19,2024,00-0038935,0.020006336952406764,Jourdan Lewis (Questionable); Keith Taylor (IR); Caleb Ransaw (Questionable)
Treylon Burks,5.148488653466498,1.667209161992278,13.625220190962438,TEN,IND,19,2024,00-0037742,0.010564988026420623,Marcus Harris (Questionable); Oluwafemi Oladejo (Questionable); Donnie Ernsberger (Questionable)
Rakim Jarrett,5.132865459412272,1.7843838599455022,14.162372397652105,TB,CAR,19,2024,00-0038821,0.005737494420742145,Benjamin Morrison (Questionable); JJ Roberts (Questionable); David Walker (Questionable)
John Ross,5.12662759847279,1.8169586795330186,12.18234499367698,PHI,TB,19,2024,00-0033460,0.016094249072627312,Tucker Large (PUP); Jonathan Greenard (Questionable); Jihaad Campbell (Questionable)
Lucas Krull,4.974096999876686,1.599044833032599,12.13939242761516,DEN,CIN,19,2024,00-0037539,0.03813496309797243,Brandon Jones (Questionable); JL Skinner (Questionable); Talanoa Hufanga (IR)
Isaiah Hodgins,4.916991149823818,1.8569845544718502,13.714722651563036,NYG,CAR,19,2024,00-0036165,0.12108839010469452,Thaddeus Dixon (IR); Jevon Holland (Questionable); Roy Robertson-Harris (Out)
D.J. Turner,4.823275416910083,1.645056571895161,13.099321453570843,LV,KC,19,2024,00-0036527,0.015159046462550304,Jermod McCoy (Questionable); Maxx Crosby (Questionable); Adam Butler (Questionable)
Tutu Atwell,4.786219808124732,1.6256892421577596,15.923503581149715,LA,SEA,19,2024,00-0036849,0.0,
Ray-Ray McCloud,4.711323156534022,1.5654393922291558,13.263747923315671,ATL,CAR,19,2024,00-0034407,0.0360223312195165,Clark Phillips (Questionable); Mike Hughes (Questionable); Billy Bowman (Questionable)
Ronnie Bell,4.705422650569897,1.7558890194650485,13.049342747009495,SF,DAL,19,2024,00-0038647,0.03025971235308857,Jakob Robinson (Questionable); Nate Hobbs (Questionable); Darrick Forrest (IR)
Jonnu Smith,4.7018781659440325,1.7636358876854756,13.563344128217556,MIA,NYJ,19,2024,00-0033858,0.016608700325201918,Storm Duck (Questionable); JuJu Brents (Questionable); Jamaree Salyer (Questionable)
Simi Fehoko,4.675396651540437,1.716495134052438,14.020846877546708,LAC,CLE,19,2024,00-0036646,0.014418372251207278,Eric Rogers (Questionable); Kendall Williamson (Questionable); Nikko Reed (Questionable)
Adam Trautman,4.6466140192383705,1.632184805637985,12.10896114576549,DEN,CIN,19,2024,00-0036422,0.039719515125928063,Brandon Jones (Questionable); JL Skinner (Questionable); Talanoa Hufanga (IR)
Luke Musgrave,4.633021918276323,1.6291988756967504,12.264649844283586,GB,CHI,19,2024,00-0039144,0.0,
Shane Zylstra,4.620692495305468,2.10766720205817,17.00526561434864,DET,JAX,19,2024,00-0036534,0.03324642372230492,Brian Branch (Questionable); Dan Jackson (Questionable); Ennis Rakestraw (Questionable)
Jahan Dotson,4.598515519695614,1.670384794337707,12.993088401589162,PHI,NYG,19,2024,00-0037741,0.01519478281778878,Tucker Large (PUP); Jonathan Greenard (Questionable); Jihaad Campbell (Questionable)
KhaDarel Hodge,4.586251789129357,1.591477078526542,13.328956091240928,ATL,CAR,19,2024,00-0034854,0.02832949233526363,Clark Phillips (Questionable); Mike Hughes (Questionable); Billy Bowman (Questionable)
Devin Duvernay,4.551434473818016,1.630300842521059,12.860863608931336,JAX,TEN,19,2024,00-0036331,0.01710780922569292,Jourdan Lewis (Questionable); Keith Taylor (IR); Caleb Ransaw (Questionable)
Parris Campbell,4.539535683026337,1.5592097689411886,12.725682256319276,PHI,BAL,19,2024,00-0035639,0.016230072354085367,Tucker Large (PUP); Jonathan Greenard (Questionable); Jihaad Campbell (Questionable)
Grant Calcaterra,4.522592916474718,1.606366722640118,12.753454523329063,PHI,NYG,19,2024,00-0037086,0.010199314086907304,Tucker Large (PUP); Jonathan Greenard (Questionable); Jihaad Campbell (Questionable)
Adonai Mitchell,4.511604823867754,1.6879794287388616,13.25080276670017,IND,JAX,19,2024,00-0039890,0.02799038019279091,Charvarius Ward (Questionable); Hunter Wohler (Questionable); DeForest Buckner (Questionable)
Kylen Granson,4.441439287740176,1.5696185522285178,11.512240887924749,IND,JAX,19,2024,00-0036876,0.02056509257409146,Charvarius Ward (Questionable); Hunter Wohler (Questionable); DeForest Buckner (Questionable)
Ben Skowronek,4.437166947237501,1.5254225060689395,11.529359110395301,PIT,BAL,19,2024,00-0036862,0.008884426882057825,Daequan Hardy (IR); DeShon Elliott (Questionable); Broderick Jones (Questionable)
Javon Baker,4.436546011593463,1.6114078506023222,12.048983588854052,NE,BUF,19,2024,00-0039853,0.003733733122122355,Gabe Jacas (Questionable); Quintayvious Hutchins (Questionable); Julian Hill (IR)
Brandon Johnson,4.409013551811285,1.7184266651448405,11.543185002552358,PIT,DAL,19,2024,00-0037382,0.012388866368039644,Daequan Hardy (IR); DeShon Elliott (Questionable); Broderick Jones (Questionable)
Kalif Raymond,4.389203432841248,1.721073919538608,14.967867419073018,DET,MIN,19,2024,00-0032464,0.05447194502090215,Brian Branch (Questionable); Dan Jackson (Questionable); Ennis Rakestraw (Questionable)
Michael Mayer,4.344288513430156,1.5792305045613604,10.829456103171694,LV,LAC,19,2024,00-0039066,0.0183184289572928,Jermod McCoy (Questionable); Maxx Crosby (Questionable); Adam Butler (Questionable)
Jha'Quan Jackson,4.309778189682881,1.4405566223948032,13.309767231756792,TEN,NE,19,2024,00-0039392,0.0018219652880646967,Marcus Harris (Questionable); Oluwafemi Oladejo (Questionable); Donnie Ernsberger (Questionable)
Scott Miller,4.272917192195659,1.6380865539405864,10.999079040894411,PIT,PHI,19,2024,00-0035298,0.008448204579280064,Daequan Hardy (IR); DeShon Elliott (Questionable); Broderick Jones (Questionable)
Mo Alie-Cox,4.250698985618119,1.6543512429333969,10.756726860589282,IND,JAX,19,2024,00-0033217,0.018407387328246986,Charvarius Ward (Questionable); Hunter Wohler (Questionable); DeForest Buckner (Questionable)
Brevin Jordan,4.225243716745548,1.6125805018666555,12.043785978474649,HOU,CHI,19,2024,00-0036556,0.0,
Trey Palmer,4.191424845826521,1.6323572635887693,11.561451652076126,TB,DAL,19,2024,00-0039052,0.010451714953121293,Benjamin Morrison (Questionable); JJ Roberts (Questionable); David Walker (Questionable)
Payne Durham,4.182460680609725,1.6168282760783659,11.878351955621506,TB,NO,19,2024,00-0039050,0.005456734873020081,Benjamin Morrison (Questionable); JJ Roberts (Questionable); David Walker (Questionable)
Bo Melton,4.167675776595559,1.695064633338733,12.160085831605139,GB,CHI,19,2024,00-0037091,0.04265174194553196,Kamal Hadden (Questionable); Devonte Wyatt (Questionable); Jordon Riley (Questionable)
Jalen Nailor,4.147110444195826,1.7045095872635363,9.408288810762663,MIN,DET,19,2024,00-0037291,0.02062424350154679,Dwight McGlothern (Questionable); Joshua Metellus (Questionable); Elijah Williams (Questionable)
Braxton Berrios,4.144625933945702,1.596023358482641,9.550915114316068,MIA,SEA,19,2024,00-0034419,0.012262163945179549,Storm Duck (Questionable); JuJu Brents (Questionable); Jamaree Salyer (Questionable)
Josh Whyle,4.14434872430592,1.4911209110316948,12.027612970585068,TEN,HOU,19,2024,00-0038589,0.005441142669673951,Marcus Harris (Questionable); Oluwafemi Oladejo (Questionable); Donnie Ernsberger (Questionable)
E.J. Jenkins,4.136535642155309,1.4333034822483095,12.596088517435986,PHI,NYG,19,2024,00-0038498,0.006815031712572777,Tucker Large (PUP); Jonathan Greenard (Questionable); Jihaad Campbell (Questionable)
Joseph Fortson,4.103625650044128,1.4569416373069302,12.203067670715473,KC,LV,19,2024,00-0035547,0.009728821136523975,Chris Roland-Wallace (Questionable); Felix Anudike-Uzomah (Questionable); Omarr Norman-Lott (Questionable)
Lil'Jordan Humphrey,4.086865653752891,1.712706998160438,15.405860586762971,DEN,KC,19,2024,00-0035406,0.040792144024891876,Brandon Jones (Questionable); JL Skinner (Questionable); Talanoa Hufanga (IR)
Erick All,4.075726826514303,1.455618162088905,11.99493805636244,CIN,LV,19,2024,00-0039814,0.0,
Jalen Reagor,4.0528808749842655,1.5196931727789287,14.08669087391875,LAC,KC,19,2024,00-0036387,0.015283087579592144,Eric Rogers (Questionable); Kendall Williamson (Questionable); Nikko Reed (Questionable)
Stone Smartt,4.02910896197795,1.4189895690690075,11.922845279289648,LAC,NE,19,2024,00-0037475,0.00894273893919763,Eric Rogers (Questionable); Kendall Williamson (Questionable); Nikko Reed (Questionable)
Laviska Shenault Jr.,4.023061607843396,1.4901923624867324,12.592005006901362,SEA,BUF,19,2024,00-0036268,0.014218986425862374,AJ Finley (Questionable); Kenny McIntosh (Questionable); Zach Charbonnet (Questionable)
Tanner Conner,3.9906578337519223,1.3995614668872733,9.015565355417849,MIA,TEN,19,2024,00-0037348,0.006060741426660942,Storm Duck (Questionable); JuJu Brents (Questionable); Jamaree Salyer (Questionable)
Luke McCaffrey,3.9802926145687803,1.5293873093842905,12.115329092360756,WAS,PHI,19,2024,00-0039355,0.008124764165569046,Trey Amos (Questionable); Dorance Armstrong (Questionable); Javontae Jean-Baptiste (Questionable)
Kavontae Turpin,3.961652144815542,1.5850764320664164,11.017762650199622,DAL,WAS,19,2024,00-0037801,0.01780193753416767,Alijah Clark (Questionable); DaRon Bland (Questionable); Jalen Thompson (Questionable)
Colby Parkinson,3.956680943516084,1.5356971280838752,11.756662716887412,LA,SEA,19,2024,00-0036244,0.0,
Nick Vannett,3.8599871503853382,1.494762692372846,11.24278016133355,TEN,HOU,19,2024,00-0032394,0.005834015073393056,Marcus Harris (Questionable); Oluwafemi Oladejo (Questionable); Donnie Ernsberger (Questionable)
Brock Wright,3.8427454396894425,1.5002890615039428,11.516499539026162,DET,GB,19,2024,00-0036754,0.0,
Kadarius Toney,3.8420357222330903,1.4860855305686607,10.748200809898565,CLE,DEN,19,2024,00-0036913,0.05036199077493621,Denzel Ward (Questionable); Dom Jones (Questionable); Mason Graham (Questionable)
Tyrell Shavers,3.815720314882173,1.4836826775181973,13.965880005961761,BUF,NYJ,19,2024,00-0038679,0.0,
Tip Reiman,3.8064438565778747,1.3702545344996195,11.29105970309669,ARI,NE,19,2024,00-0039737,0.0,
John Samuel Shenker,3.789455037178152,1.375081774188018,14.366255533360588,LV,KC,19,2024,00-0038920,0.0015741319143930941,Jermod McCoy (Questionable); Maxx Crosby (Questionable); Adam Butler (Questionable)
Kendric Pryor,3.7890632914069196,1.3789290835149735,14.357348547421283,CIN,LV,19,2024,00-0037422,0.0014705913190032,Connor Lew (Questionable); Josh Newton (Questionable); DJ Turner (Questionable)
Jacob Cowing,3.7874219947724885,1.4856750116483006,11.122322533594934,SF,ARI,19,2024,00-0039365,0.029731627025488865,Jakob Robinson (Questionable); Nate Hobbs (Questionable); Darrick Forrest (IR)
Tay Martin,3.785843067665518,1.3593448424517596,14.363307516457159,TEN,HOU,19,2024,00-0037524,0.0006194681979419969,Marcus Harris (Questionable); Oluwafemi Oladejo (Questionable); Donnie Ernsberger (Questionable)
Malik Washington,3.723402102555333,1.5005024775318487,10.469959771334082,MIA,NYJ,19,2024,00-0039880,0.011494816040329849,Storm Duck (Questionable); JuJu Brents (Questionable); Jamaree Salyer (Questionable)
Collin Johnson,3.688603651942379,1.5841108020132109,10.813602004021666,CHI,DET,19,2024,00-0036254,0.014863449427989459,Kyler Gordon (Questionable); Terell Smith (Questionable); Dayo Odeyingbo (Questionable)
Chris Blair,3.6653944159808547,1.5202082157168075,9.99546643313475,ATL,WAS,19,2024,00-0036463,0.014194727688829335,Clark Phillips (Questionable); Mike Hughes (Questionable); Billy Bowman (Questionable)
Greg Dulcich,3.6330154370757652,1.356012060861358,10.495232975168737,DEN,NYJ,19,2024,00-0037252,0.08089931663479179,Brandon Jones (Questionable); JL Skinner (Questionable); Talanoa Hufanga (IR)
Devontez Walker,3.608766774533315,1.66973656223445,11.673964212706107,BAL,HOU,19,2024,00-0039792,0.00871875166233593,Adisa Isaac (Questionable); Broderick Washington (Questionable); Nnamdi Madubuike (Questionable)
Brycen Tremayne,3.6087440394861723,1.3782779854848723,14.294941748190107,WAS,CLE,19,2024,00-0038840,0.0009977203519553797,Trey Amos (Questionable); Dorance Armstrong (Questionable); Javontae Jean-Baptiste (Questionable)
Hunter Long,3.59822921102313,1.4475462899121325,10.20327072661177,LA,SF,19,2024,00-0037004,0.0,
Jordan Akins,3.576193882813188,1.5142200764129978,8.72853801064784,CLE,BAL,19,2024,00-0034364,0.04573275103502115,Denzel Ward (Questionable); Dom Jones (Questionable); Mason Graham (Questionable)
Connor Heyward,3.5668798422215344,1.4773750856834431,10.354418890891782,PIT,KC,19,2024,00-0037304,0.009425855036495881,Daequan Hardy (IR); DeShon Elliott (Questionable); Broderick Jones (Questionable)
Malik Heath,3.548350488485703,1.5101769288110556,10.436708548788031,GB,CHI,19,2024,00-0038465,0.030779677687542358,Kamal Hadden (Questionable); Devonte Wyatt (Questionable); Jordon Riley (Questionable)
Ryan Flournoy,3.546052575256122,1.4251651761949164,10.578811802647776,DAL,WAS,19,2024,00-0039410,0.016240396296872486,Alijah Clark (Questionable); DaRon Bland (Questionable); Jalen Thompson (Questionable)
Jermaine Jackson,3.5345604261475243,1.3799064491745885,14.878007567705076,NO,CAR,19,2024,00-0039614,0.004449564580684592,Christen Miller (Questionable); Nathan Shepherd (Questionable); Vernon Broughton (Questionable)
Brayden Willis,3.5313862318567795,1.3786672310980408,14.491304877001365,SF,ARI,19,2024,00-0038643,0.0035475236791776485,Jakob Robinson (Questionable); Nate Hobbs (Questionable); Darrick Forrest (IR)
John Bates,3.5149292718460874,1.4773628739878448,9.866292312928646,WAS,DAL,19,2024,00-0036628,0.008254915047356358,Trey Amos (Questionable); Dorance Armstrong (Questionable); Javontae Jean-Baptiste (Questionable)
A.J. Barner,3.509688880185869,1.5771862018177774,9.777279366605644,SEA,LA,19,2024,00-0039793,0.009190264034375575,AJ Finley (Questionable); Kenny McIntosh (Questionable); Zach Charbonnet (Questionable)
Baylor Cupp,3.4926349486203137,1.3766696893743113,14.852808892571975,KC,LAC,19,2024,00-0039316,0.0020934903888541636,Chris Roland-Wallace (Questionable); Felix Anudike-Uzomah (Questionable); Omarr Norman-Lott (Questionable)
River Cracraft,3.490497637302556,1.4519139610183764,10.139422427686213,MIA,NYJ,19,2024,00-0034054,0.007525326389668837,Storm Duck (Questionable); JuJu Brents (Questionable); Jamaree Salyer (Questionable)
Tommy Tremble,3.4677800208068885,1.5563837564396656,11.664067427096379,CAR,ATL,19,2024,00-0037005,0.027663952136666115,Corey Thornton (Questionable); Jaycee Horn (Questionable); Tershawn Wharton (Questionable)
Tyler Johnson,3.467607157159773,1.4239392060168197,9.755933685254142,LA,SEA,19,2024,00-0036427,0.0,
Tucker Fisk,3.4371692875695192,1.4875235044124122,11.471787846551287,LAC,NE,19,2024,00-0037654,0.006078974387928819,Eric Rogers (Questionable); Kendall Williamson (Questionable); Nikko Reed (Questionable)
Brevyn Spann-Ford,3.436571562429427,1.3962242670609013,10.55307192566733,DAL,CAR,19,2024,00-0039530,0.019001761250130915,Alijah Clark (Questionable); DaRon Bland (Questionable); Jalen Thompson (Questionable)
Cam Grandy,3.4241904301654653,1.4553933223231406,9.45715597020232,CIN,PIT,19,2024,00-0039631,0.0,
Bryce Ford-Wheaton,3.4178778046118725,1.38285741711402,12.595884348752115,NYG,NYG,19,2024,00-0038477,0.008193787234054615,Thaddeus Dixon (IR); Jevon Holland (Questionable); Roy Robertson-Harris (Out)
Dan Chisena,3.4121540982596197,1.4211200462061182,10.552762137037801,CAR,TB,19,2024,00-0035976,0.016921351422640056,Corey Thornton (Questionable); Jaycee Horn (Questionable); Tershawn Wharton (Questionable)
Tylan Wallace,3.406093153561549,1.401657555204426,11.590261677872645,BAL,CLE,19,2024,00-0036630,0.009351111310393715,Adisa Isaac (Questionable); Broderick Washington (Questionable); Nnamdi Madubuike (Questionable)
Kenny Yeboah,3.36911759394284,1.4655698831108381,10.810438206995265,NYJ,MIA,19,2024,00-0036510,0.013352554225279614,Qwan'tez Stiggers (Questionable); Andre Cisco (Questionable); Brandon Stephens (Questionable)
Justin Watson,3.3599687789575694,1.6418359478531976,8.56561169526129,KC,DEN,19,2024,00-0034386,0.018978844357132922,Chris Roland-Wallace (Questionable); Felix Anudike-Uzomah (Questionable); Omarr Norman-Lott (Questionable)
Drew Sample,3.349401460147024,1.3326765601548354,9.595002841699072,CIN,PIT,19,2024,00-0035631,0.01141017047531991,Connor Lew (Questionable); Josh Newton (Questionable); DJ Turner (Questionable)
Quintin Morris,3.3452224334027854,1.5482990631454154,10.507353749431028,BUF,NE,19,2024,00-0036590,0.01723027503306516,Dorian Strong (PUP); Cole Bishop (Questionable); Wande Owens (Questionable)
Mike Woods,3.3280118693677125,1.472698982537404,8.411070709653051,CLE,MIA,19,2024,00-0037300,0.0363704608150082,Denzel Ward (Questionable); Dom Jones (Questionable); Mason Graham (Questionable)
Elijah Higgins,3.3183465015538323,1.4918162929035932,11.354014619845334,ARI,LA,19,2024,00-0039041,0.023030816650791,Garrett Williams (Questionable); Joey Blount (Questionable); Kitan Crawford (Questionable)
John Metchie,3.307623369125293,1.5469904053460235,11.4898061354026,HOU,TEN,19,2024,00-0037614,0.025489837527564743,Jaylen Reed (IR); Kyonte Hamilton (Questionable); Logan Hall (Questionable)
Steven Sims,3.301326077009481,1.5632287839639847,12.442368640553184,HOU,JAX,19,2024,00-0034928,0.030829090506263167,Jaylen Reed (IR); Kyonte Hamilton (Questionable); Logan Hall (Questionable)
Jordan Matthews,3.2931585009933273,1.5567894630507368,9.3621851317099,CAR,NO,19,2024,00-0031299,0.02461186372842399,Corey Thornton (Questionable); Jaycee Horn (Questionable); Tershawn Wharton (Questionable)
Derius Davis,3.27427371984744,1.4603646263421757,11.229855593044405,LAC,LV,19,2024,00-0038573,0.006380901397047006,Eric Rogers (Questionable); Kendall Williamson (Questionable); Nikko Reed (Questionable)
Isaiah Williams,3.2437089335616798,1.2975139675358505,12.141836112760888,DET,TEN,19,2024,00-0039451,0.004291877648886691,Brian Branch (Questionable); Dan Jackson (Questionable); Ennis Rakestraw (Questionable)
Mason Kinsey,3.2246452887227415,1.3974544802529478,11.093335428394065,TEN,IND,19,2024,00-0036176,0.0033103856080498244,Marcus Harris (Questionable); Oluwafemi Oladejo (Questionable); Donnie Ernsberger (Questionable)
Trent Sherfield,3.224161724059657,1.4801345380218343,10.646282622015136,MIN,CHI,19,2024,00-0034487,0.020155310771456828,Dwight McGlothern (Questionable); Joshua Metellus (Questionable); Elijah Williams (Questionable)
Pharaoh Brown,3.2152158932553085,1.4940234706248756,9.870844061222666,SEA,CHI,19,2024,00-0033439,0.008236670641375074,AJ Finley (Questionable); Kenny McIntosh (Questionable); Zach Charbonnet (Questionable)
Dyami Brown,3.206761688178378,1.4776425022431399,9.697313005649402,WAS,DAL,19,2024,00-0036626,0.008963382625577452,Trey Amos (Questionable); Dorance Armstrong (Questionable); Javontae Jean-Baptiste (Questionable)
Brandon Powell,3.200925528267704,1.3399240635038365,9.303300485248167,MIN,CHI,19,2024,00-0034646,0.01694864423286458,Dwight McGlothern (Questionable); Joshua Metellus (Questionable); Elijah Williams (Questionable)
Charlie Kolar,3.1963770658645814,1.5142881146165654,10.3334999617069,BAL,LAC,19,2024,00-0038046,0.013157954335813135,Adisa Isaac (Questionable); Broderick Washington (Questionable); Nnamdi Madubuike (Questionable)
Jared Wiley,3.1934754729436685,1.2751052466128785,12.115257726120756,KC,CIN,19,2024,00-0039824,0.0020934903888541636,Chris Roland-Wallace (Questionable); Felix Anudike-Uzomah (Questionable); Omarr Norman-Lott (Questionable)
Tyquan Thornton,3.1808844242700265,1.489341980424733,12.191819564199013,NE,NYJ,19,2024,00-0038104,0.013042318999727544,Gabe Jacas (Questionable); Quintayvious Hutchins (Questionable); Julian Hill (IR)
Stephen Sullivan,3.1187372694164317,1.3816882192074877,10.098159920567957,CAR,TB,19,2024,00-0036438,0.02177786203008662,Corey Thornton (Questionable); Jaycee Horn (Questionable); Tershawn Wharton (Questionable)
David Bell,3.1162411192103376,1.4903257690723557,9.488858382524798,CLE,JAX,19,2024,00-0037257,0.041339843647265256,Denzel Ward (Questionable); Dom Jones (Questionable); Mason Graham (Questionable)
DeAndre Carter,3.0757607480006275,1.5209170090429684,7.691727465664505,CHI,NE,19,2024,00-0031763,0.01661625253144673,Kyler Gordon (Questionable); Terell Smith (Questionable); Dayo Odeyingbo (Questionable)
Xavier Weaver,3.06718267118263,1.420852240791575,10.87379884431749,ARI,SF,19,2024,00-0039521,0.014994743077432794,Garrett Williams (Questionable); Joey Blount (Questionable); Kitan Crawford (Questionable)
Tom Kennedy,3.01796301982497,1.4199577200493687,9.404821517915561,DET,TB,19,2024,00-0035544,0.04023398299956911,Brian Branch (Questionable); Dan Jackson (Questionable); Ennis Rakestraw (Questionable)
Nikko Remigio,3.014568419433284,1.3226769871024957,9.53179845730492,KC,DEN,19,2024,00-0038519,0.0020934903888541636,Chris Roland-Wallace (Questionable); Felix Anudike-Uzomah (Questionable); Omarr Norman-Lott (Questionable)
Brenden Bates,3.002737915898191,1.3254122882498753,9.192918653219929,CLE,BAL,19,2024,00-0039458,0.004165823619695946,Denzel Ward (Questionable); Dom Jones (Questionable); Mason Graham (Questionable)
Anthony Gould,2.996586042017397,1.3226968433906363,9.055799413795429,IND,DEN,19,2024,00-0039816,0.002108534014231214,Charvarius Ward (Questionable); Hunter Wohler (Questionable); DeForest Buckner (Questionable)
Charlie Woerner,2.9884142521103967,1.3855138143915098,9.386687438120964,ATL,WAS,19,2024,00-0036429,0.020262437267599045,Clark Phillips (Questionable); Mike Hughes (Questionable); Billy Bowman (Questionable)
Noah Gray,2.9858704073793194,1.4006430053535919,7.843582872397191,KC,DEN,19,2024,00-0036637,0.01757403163884243,Chris Roland-Wallace (Questionable); Felix Anudike-Uzomah (Questionable); Omarr Norman-Lott (Questionable)
Luke Schoonmaker,2.9826875414206406,1.3873316061963343,7.916761012236345,DAL,WAS,19,2024,00-0038547,0.019441822785952162,Alijah Clark (Questionable); DaRon Bland (Questionable); Jalen Thompson (Questionable)
Britain Covey,2.9408708336982015,1.4843175749658595,9.778646814457158,PHI,BAL,19,2024,00-0037132,0.01216677674062718,Tucker Large (PUP); Jonathan Greenard (Questionable); Jihaad Campbell (Questionable)
Taysom Hill,2.9180342844361102,1.5054347016177863,8.476810430972652,NO,LA,19,2024,00-0033357,0.03299176079412798,Christen Miller (Questionable); Nathan Shepherd (Questionable); Vernon Broughton (Questionable)
Eric Tomlinson,2.917473671357906,1.3894756105145198,10.213130361991874,LAC,CLE,19,2024,00-0031690,0.007611646979471454,Eric Rogers (Questionable); Kendall Williamson (Questionable); Nikko Reed (Questionable)
Mason Tipton,2.9158911378723555,1.4094763491315219,9.20209284945283,NO,GB,19,2024,00-0039623,0.0,
Harrison Bryant,2.9076807036374386,1.4493385383933566,9.052518125664395,LV,CIN,19,2024,00-0036232,0.015589621656895293,Jermod McCoy (Questionable); Maxx Crosby (Questionable); Adam Butler (Questionable)
Chris Manhertz,2.8546646618111207,1.3387763332059515,8.843387055365415,NYG,PHI,19,2024,00-0031484,0.03881902547861981,Thaddeus Dixon (IR); Jevon Holland (Questionable); Roy Robertson-Harris (Out)
Grant DuBose,2.853395386675035,1.546579029652708,10.082980696742469,MIA,HOU,19,2024,00-0038507,0.010605162973630969,Storm Duck (Questionable); JuJu Brents (Questionable); Jamaree Salyer (Questionable)
Ja'Lynn Polk,2.8508783420107706,1.424964414912188,8.937937743710988,NE,LAC,19,2024,00-0039907,0.011097470008098952,Gabe Jacas (Questionable); Quintayvious Hutchins (Questionable); Julian Hill (IR)
Ben Sinnott,2.845855718416723,1.310893653686814,9.365141165095933,WAS,NO,19,2024,00-0039912,0.006414272698906398,Trey Amos (Questionable); Dorance Armstrong (Questionable); Javontae Jean-Baptiste (Questionable)
Xavier Gipson,2.841538324637482,1.410554691802514,9.955712581891609,NYJ,MIA,19,2024,00-0038496,0.023717205477366294,Qwan'tez Stiggers (Questionable); Andre Cisco (Questionable); Brandon Stephens (Questionable)
Johnny Mundt,2.8400970080763592,1.405844068594838,10.697419772781775,MIN,GB,19,2024,00-0033246,0.013229655285728371,Dwight McGlothern (Questionable); Joshua Metellus (Questionable); Elijah Williams (Questionable)
Ross Dwelley,2.8393952538698213,1.5487272419441196,8.665328698237817,ATL,DEN,19,2024,00-0034073,0.027568318033422516,Clark Phillips (Questionable); Mike Hughes (Questionable); Billy Bowman (Questionable)
Ramel Keyton,2.8251550571212016,1.319957748857322,9.269411760269115,LV,MIA,19,2024,00-0039543,0.010856082168228236,Jermod McCoy (Questionable); Maxx Crosby (Questionable); Adam Butler (Questionable)
Geoff Swaim,2.8238943836939363,1.4329451797939,9.083203508071566,CLE,BAL,19,2024,00-0032141,0.04189066180519341,Denzel Ward (Questionable); Dom Jones (Questionable); Mason Graham (Questionable)
Tyler Scott,2.8193552061880873,1.3980723165443,9.936223806824032,CHI,MIN,19,2024,00-0038941,0.018596254323192108,Kyler Gordon (Questionable); Terell Smith (Questionable); Dayo Odeyingbo (Questionable)
Irvin Charles,2.810515525183473,1.3391750477312734,9.404404427867087,NYJ,PIT,19,2024,00-0037156,0.015611066997429575,Qwan'tez Stiggers (Questionable); Andre Cisco (Questionable); Brandon Stephens (Questionable)
Skyy Moore,2.805525364482278,1.3920523265001465,9.205541655788716,KC,SF,19,2024,00-0038090,0.01882468377083887,Chris Roland-Wallace (Questionable); Felix Anudike-Uzomah (Questionable); Omarr Norman-Lott (Questionable)
Jamari Thrash,2.800439425304738,1.228761835251195,7.4241791955108845,CLE,BAL,19,2024,00-0039379,0.01377675230178081,Denzel Ward (Questionable); Dom Jones (Questionable); Mason Graham (Questionable)
Tanner Hudson,2.7958276471680974,1.3971640603049467,9.275995658935766,CIN,PIT,19,2024,00-0034613,0.015251302358127232,Connor Lew (Questionable); Josh Newton (Questionable); DJ Turner (Questionable)
Marcedes Lewis,2.78254057724463,1.4183889221443375,9.821707047280434,CHI,JAX,19,2024,00-0024243,0.009862686368551634,Kyler Gordon (Questionable); Terell Smith (Questionable); Dayo Odeyingbo (Questionable)
Andrew Ogletree,2.7688994746312994,1.3779079625074566,8.39644003104506,IND,JAX,19,2024,00-0037292,0.01430766730927617,Charvarius Ward (Questionable); Hunter Wohler (Questionable); DeForest Buckner (Questionable)
Feleipe Franks,2.767522626989605,1.2159660754978872,9.728266914845863,CAR,ATL,19,2024,00-0036825,0.00545548765022129,Corey Thornton (Questionable); Jaycee Horn (Questionable); Tershawn Wharton (Questionable)
Jeremy Ruckert,2.7637151646516416,1.3397976700028018,8.387740036154213,NYJ,MIA,19,2024,00-0037805,0.0211654808607733,Qwan'tez Stiggers (Questionable); Andre Cisco (Questionable); Brandon Stephens (Questionable)
Blake Whiteheart,2.757951781236363,1.2946555361288172,6.983047128821166,CLE,BAL,19,2024,00-0038710,0.019378882992048756,Denzel Ward (Questionable); Dom Jones (Questionable); Mason Graham (Questionable)
James Proche,2.7446073131483506,1.291129931792007,9.143150806118209,CLE,PIT,19,2024,00-0036133,0.034819400200332654,Denzel Ward (Questionable); Dom Jones (Questionable); Mason Graham (Questionable)
Trent Taylor,2.7313085716891647,1.4074774849113814,9.789222902747674,SF,ARI,19,2024,00-0033292,0.03470959034636354,Jakob Robinson (Questionable); Nate Hobbs (Questionable); Darrick Forrest (IR)
Kameron Johnson,2.72699662445933,1.3094349989807312,10.034018196692022,TB,CAR,19,2024,00-0039589,0.0010726114391488315,Benjamin Morrison (Questionable); JJ Roberts (Questionable); David Walker (Questionable)
Durham Smythe,2.7243031551257992,1.3031907003071062,8.604883241521497,MIA,NYJ,19,2024,00-0034798,0.008578409340700048,Storm Duck (Questionable); JuJu Brents (Questionable); Jamaree Salyer (Questionable)
Jake Bobo,2.7232311789709747,1.3697603454786444,9.483209647750984,SEA,LA,19,2024,00-0038752,0.005707222833548594,AJ Finley (Questionable); Kenny McIntosh (Questionable); Zach Charbonnet (Questionable)
Justyn Ross,2.7179729928146488,1.4194598604239637,10.0240173254777,KC,DEN,19,2024,00-0037216,0.01608961204226414,Chris Roland-Wallace (Questionable); Felix Anudike-Uzomah (Questionable); Omarr Norman-Lott (Questionable)
Tim Jones,2.7147695319034106,1.346994375293508,9.4394845071901,JAX,TEN,19,2024,00-0036497,0.0103531374599316,Jourdan Lewis (Questionable); Keith Taylor (IR); Caleb Ransaw (Questionable)
Xavier Hutchinson,2.714067703852506,1.3288867677239742,9.944953859092127,HOU,TEN,19,2024,00-0038618,0.016800081627400307,Jaylen Reed (IR); Kyonte Hamilton (Questionable); Logan Hall (Questionable)
Jalen Brooks,2.7108094751620078,1.437943317017307,7.974089488911513,DAL,PHI,19,2024,00-0038640,0.02006703437483308,Alijah Clark (Questionable); DaRon Bland (Questionable); Jalen Thompson (Questionable)
Daniel Bellinger,2.666135889292074,1.527836602848132,9.665709417298372,NYG,PHI,19,2024,00-0038115,0.09648040099830102,Thaddeus Dixon (IR); Jevon Holland (Questionable); Roy Robertson-Harris (Out)
Deven Thompkins,2.665474977682131,1.186055313173353,9.214853626996463,CAR,ARI,19,2024,00-0037487,0.020283016227120754,Corey Thornton (Questionable); Jaycee Horn (Questionable); Tershawn Wharton (Questionable)
MyCole Pruitt,2.6423981786075275,1.4009242131794977,8.971276132259609,PIT,BAL,19,2024,00-0031585,0.00669112916469641,Daequan Hardy (IR); DeShon Elliott (Questionable); Broderick Jones (Questionable)
Jalin Hyatt,2.6415142301677146,1.351192375712013,10.252646821300958,NYG,PHI,19,2024,00-0038938,0.0,
Ian Thomas,2.6283746748614893,1.281641438648065,8.507095173415705,CAR,NYG,19,2024,00-0034365,0.028047212374572292,Corey Thornton (Questionable); Jaycee Horn (Questionable); Tershawn Wharton (Questionable)
Ashton Dulin,2.5939159629898403,1.369230660189231,9.021352297848129,IND,DET,19,2024,00-0035021,0.013191115996152499,Charvarius Ward (Questionable); Hunter Wohler (Questionable); DeForest Buckner (Questionable)
Charlie Jones,2.580679136747096,1.3501917307003786,8.944020643397113,CIN,CLE,19,2024,00-0038576,0.0,
Cade Stover,2.569615308343284,1.4038765690033483,9.128057025485463,HOU,TEN,19,2024,00-0039359,0.01602764312101199,Jaylen Reed (IR); Kyonte Hamilton (Questionable); Logan Hall (Questionable)
David Martin-Robinson,2.5564326043321812,1.312063335285484,9.538248754288098,TEN,IND,19,2024,00-0039648,0.0022123864212214173,Marcus Harris (Questionable); Oluwafemi Oladejo (Questionable); Donnie Ernsberger (Questionable)
Josh Oliver,2.5202876779234082,1.3028285192848936,5.364903662266,MIN,DET,19,2024,00-0035249,0.0,
Bryce Oliver,2.514923334616932,1.350515376539182,9.804891671104125,TEN,HOU,19,2024,00-0039650,0.004225322854469086,Marcus Harris (Questionable); Oluwafemi Oladejo (Questionable); Donnie Ernsberger (Questionable)
John FitzPatrick,2.4876674448325695,1.3119348384309584,8.947899758514746,GB,SF,19,2024,00-0037306,0.018244201195533983,Kamal Hadden (Questionable); Devonte Wyatt (Questionable); Jordon Riley (Questionable)
Jaheim Bell,2.4751828027544267,1.2869105237328042,8.962508862255431,NE,BUF,19,2024,00-0039420,0.0030770736631444413,Gabe Jacas (Questionable); Quintayvious Hutchins (Questionable); Julian Hill (IR)
Jack Stoll,2.47194447807879,1.590798026473319,9.61527293559914,PHI,CIN,19,2024,00-0036741,0.006851220510202501,Tucker Large (PUP); Jonathan Greenard (Questionable); Jihaad Campbell (Questionable)
Jaelon Darden,2.470307977001855,1.2129114642907701,9.09369071880561,CLE,PHI,19,2024,00-0036877,0.017764476695514078,Denzel Ward (Questionable); Dom Jones (Questionable); Mason Graham (Questionable)
Will Mallory,2.458545275085926,1.335209937126995,6.267394554312544,IND,DEN,19,2024,00-0038394,0.014435609001546086,Charvarius Ward (Questionable); Hunter Wohler (Questionable); DeForest Buckner (Questionable)
Josiah Deguara,2.4505095812883955,1.207141669298667,7.722943229189739,JAX,LV,19,2024,00-0036332,0.013009578326314506,Jourdan Lewis (Questionable); Keith Taylor (IR); Caleb Ransaw (Questionable)
Johnny Wilson,2.448431398416386,1.4025448733221964,9.54361939310721,PHI,NYG,19,2024,00-0039236,0.005821879054249474,Tucker Large (PUP); Jonathan Greenard (Questionable); Jihaad Campbell (Questionable)
Davis Allen,2.425451757773268,1.1824671442013959,7.769329440582405,LA,ARI,19,2024,00-0039074,0.0,
D'Wayne Eskridge,2.3997126851934114,1.3312215418312168,9.698321499735167,MIA,CLE,19,2024,00-0036620,0.006777729172518735,Storm Duck (Questionable); JuJu Brents (Questionable); Jamaree Salyer (Questionable)
Zach Davidson,2.3726622593495637,1.3813893996246023,10.49454299833325,BUF,SF,19,2024,00-0036640,0.010720564263610233,Dorian Strong (PUP); Cole Bishop (Questionable); Wande Owens (Questionable)
Ainias Smith,2.3654675166678216,1.1575922729264945,9.199696940010046,PHI,NYG,19,2024,00-0039747,0.008685824731710402,Tucker Large (PUP); Jonathan Greenard (Questionable); Jihaad Campbell (Questionable)
Ben Sims,2.3044036179808116,1.2746693135774836,8.32239714780213,GB,DET,19,2024,00-0038809,0.017621162180355875,Kamal Hadden (Questionable); Devonte Wyatt (Questionable); Jordon Riley (Questionable)
Eric Saubert,2.233138691404776,1.2453573209504465,7.964279364538592,SF,ARI,19,2024,00-0033576,0.02136243161862378,Jakob Robinson (Questionable); Nate Hobbs (Questionable); Darrick Forrest (IR)
Austin Trammell,2.2293498647048904,1.328895186906135,8.54224320450261,JAX,PHI,19,2024,00-0036841,0.020190416548391165,Jourdan Lewis (Questionable); Keith Taylor (IR); Caleb Ransaw (Questionable)
Alex Bachman,2.207198301498404,1.1228605311600255,10.299058043102848,LV,PIT,19,2024,00-0035602,0.0015741319143930941,Jermod McCoy (Questionable); Maxx Crosby (Questionable); Adam Butler (Questionable)
Dallin Holker,2.164230783999571,1.2446933881488567,7.732961067022695,NO,TB,19,2024,00-0039613,0.019345932959498224,Christen Miller (Questionable); Nathan Shepherd (Questionable); Vernon Broughton (Questionable)
Casey Washington,2.1446730234246973,1.2393627215472458,7.528001115476046,ATL,DEN,19,2024,00-0039394,0.010882624561435822,Clark Phillips (Questionable); Mike Hughes (Questionable); Billy Bowman (Questionable)
Luke Farrell,2.1304673783602617,1.2533870619021041,8.69808865297616,JAX,IND,19,2024,00-0036887,0.009764761802978677,Jourdan Lewis (Questionable); Keith Taylor (IR); Caleb Ransaw (Questionable)
Cody White,2.0338272235558703,1.2839300012780126,8.39626876243918,SEA,LA,19,2024,00-0035891,0.005685253983904128,AJ Finley (Questionable); Kenny McIntosh (Questionable); Zach Charbonnet (Questionable)
Dareke Young,2.0252126613228296,1.3065314952999563,8.16651936696389,SEA,DEN,19,2024,00-0037093,0.005082166746426311,AJ Finley (Questionable); Kenny McIntosh (Questionable); Zach Charbonnet (Questionable)
Malachi Corley,1.9942952608759394,1.1114199167788306,7.88441791617521,NYJ,SEA,19,2024,00-0039920,0.011137069384975504,Qwan'tez Stiggers (Questionable); Andre Cisco (Questionable); Brandon Stephens (Questionable)
Darnell Washington,1.9734659246660091,1.2043695578141704,8.074721293315408,PIT,KC,19,2024,00-0038558,0.006723593942469188,Daequan Hardy (IR); DeShon Elliott (Questionable); Broderick Jones (Questionable)
Erik Ezukanma,1.9618127327180168,1.055813185347677,7.603603467800487,MIA,SEA,19,2024,00-0038092,0.0028092581467991855,Storm Duck (Questionable); JuJu Brents (Questionable); Jamaree Salyer (Questionable)
Xavier Smith,1.9160900187903958,1.1632739154509653,8.706047510874765,LA,SEA,19,2024,00-0038359,0.0,
Julian Hill,1.9085968660849233,1.206094284791812,7.042214574615246,MIA,NYJ,19,2024,00-0038720,0.006644186300057829,Storm Duck (Questionable); JuJu Brents (Questionable); Jamaree Salyer (Questionable)
Peyton Hendershot,1.5483953371436932,1.227113143948701,5.796888299859917,KC,DEN,19,2024,00-0037569,0.01024588326037762,Chris Roland-Wallace (Questionable); Felix Anudike-Uzomah (Questionable); Omarr Norman-Lott (Questionable)
